{"cameraMode":{"drawMode":0,"name":"Shaded","section":"Shading Mode"},"sceneLighting":true,"audioPlay":false,"sceneViewState":{"showFog":true,"showMaterialUpdate":false,"showSkybox":true,"showFlares":true,"showImageEffects":true,"showParticleSystems":true},"in2DMode":false,"pivot":{"x":4.013075828552246,"y":5.58809232711792,"z":-5.550281524658203},"rotation":{"x":-0.2324368953704834,"y":0.25522276759147646,"z":-0.06335322558879852,"w":-0.9363877177238464},"size":3.6073946952819826,"orthographic":false}